<?xml version="1.0" encoding="UTF-8"?>
<metadata modelVersion="1.1.0">
  <groupId>org.talend.libraries</groupId>
  <artifactId>talend_file_enhanced_20070724</artifactId>
  <version>6.0.0-SNAPSHOT</version>
  <versioning>
    <snapshot>
      <localCopy>true</localCopy>
    </snapshot>
    <lastUpdated>20150905075340</lastUpdated>
    <snapshotVersions>
      <snapshotVersion>
        <extension>pom</extension>
        <value>6.0.0-SNAPSHOT</value>
        <updated>20150905075340</updated>
      </snapshotVersion>
      <snapshotVersion>
        <extension>jar</extension>
        <value>6.0.0-SNAPSHOT</value>
        <updated>20150905075340</updated>
      </snapshotVersion>
    </snapshotVersions>
  </versioning>
</metadata>
